,country,corruption,humanFreedom,gdppc,happiness,healthcareRank,safeness,averageTemperature,continent,worldCorruptionRank,worldFreedomRank,worldGDPRank,worldHappinessRank,worldSafenessRank,worldTemperatureRank,continentCorruptionRank,continentFreedomRank,continentGDPRank,continentHappinessRank,continentHealthcareRank,continentSafenessRank,continentTemperatureRank
0,Afghanistan,16.0,4.12,2390.0,2.52,158.0,3.55,12.6,Asia,179.0,178.0,165.0,169.0,165.0,124.0,47.0,46.0,48.0,47.0,42.0,47.0,31.0
1,Albania,35.0,8.14,14218.0,5.12,66.0,1.76,11.4,Europe,114.0,44.0,88.0,105.0,41.0,130.0,38.0,29.0,39.0,39.0,34.0,29.0,8.0
2,Algeria,33.0,5.26,11112.0,4.89,105.0,2.15,22.5,Africa,121.0,166.0,107.0,121.0,110.0,83.0,21.0,45.0,8.0,16.0,10.0,24.0,34.0
3,Angola,29.0,6.09,6932.0,3.8,153.0,1.98,21.55,Africa,140.0,140.0,124.0,156.0,77.0,93.0,30.0,31.0,13.0,40.0,44.0,15.0,41.0
4,Antigua and Barbuda,59.0,7.6,18618.0,,,,26.0,North America,37.0,74.0,72.0,,,30.0,6.0,17.0,9.0,,,,3.0
5,Argentina,38.0,7.38,20751.0,5.93,62.0,1.91,14.8,South America,100.0,84.0,63.0,67.0,69.0,120.0,6.0,8.0,3.0,6.0,4.0,3.0,11.0
6,Armenia,49.0,8.2,13261.0,5.28,54.0,1.99,7.15,Asia,61.0,41.0,90.0,97.0,79.0,158.0,14.0,5.0,25.0,26.0,12.0,19.0,39.0
7,Australia,73.0,8.84,51680.0,7.18,16.0,1.56,21.65,Oceania,18.0,8.0,20.0,11.0,26.0,92.0,2.0,2.0,1.0,2.0,2.0,2.0,5.0
8,Austria,74.0,8.67,55218.0,7.27,10.0,1.3,6.35,Europe,13.0,22.0,17.0,10.0,4.0,162.0,10.0,15.0,9.0,9.0,9.0,3.0,30.0
9,Azerbaijan,30.0,6.16,14431.0,5.17,76.0,2.44,11.95,Asia,132.0,137.0,86.0,101.0,129.0,126.0,34.0,27.0,24.0,29.0,21.0,34.0,33.0
10,Bahamas,64.0,8.22,32454.0,,,,24.85,North America,31.0,39.0,47.0,,,59.0,5.0,5.0,4.0,,,,13.0
11,Bahrain,42.0,5.73,48766.0,6.65,55.0,2.08,27.15,Asia,83.0,154.0,23.0,25.0,99.0,10.0,21.0,37.0,8.0,3.0,13.0,29.0,2.0
12,Bangladesh,26.0,5.75,5307.0,5.03,122.0,2.07,25.0,Asia,151.0,153.0,133.0,113.0,97.0,53.0,40.0,36.0,39.0,32.0,37.0,27.0,16.0
13,Barbados,65.0,7.92,13553.0,,,,26.0,North America,30.0,53.0,89.0,,,31.0,4.0,8.0,12.0,,,,4.0
14,Belarus,41.0,6.73,20187.0,5.53,68.0,2.26,6.15,Europe,87.0,118.0,66.0,84.0,117.0,164.0,34.0,40.0,35.0,36.0,35.0,37.0,32.0
15,Belgium,73.0,8.61,51096.0,6.83,23.0,1.53,9.55,Europe,19.0,24.0,21.0,23.0,22.0,141.0,14.0,17.0,12.0,14.0,15.0,16.0,16.0
16,Belize,25.0,7.64,6046.0,5.96,93.0,,25.3,North America,154.0,71.0,126.0,65.0,,47.0,19.0,15.0,20.0,12.0,10.0,,8.0
17,Benin,42.0,7.32,3437.0,5.04,123.0,2.12,27.55,Africa,84.0,86.0,150.0,112.0,105.0,7.0,11.0,7.0,26.0,12.0,20.0,22.0,6.0
18,Bhutan,68.0,6.86,12060.0,5.05,,1.48,7.4,Asia,25.0,108.0,101.0,110.0,19.0,157.0,5.0,18.0,29.0,31.0,,4.0,38.0
19,Bolivia,30.0,6.94,8344.0,5.72,103.0,1.99,21.55,South America,133.0,102.0,119.0,78.0,80.0,94.0,10.0,11.0,11.0,9.0,11.0,5.0,8.0
20,Bosnia and Herzegovina,35.0,7.39,15047.0,5.81,75.0,1.85,9.85,Europe,115.0,82.0,82.0,74.0,58.0,139.0,39.0,38.0,38.0,32.0,37.0,33.0,14.0
21,Botswana,55.0,7.9,16893.0,3.47,80.0,1.8,21.5,Africa,48.0,55.0,77.0,164.0,48.0,95.0,2.0,2.0,4.0,46.0,3.0,4.0,42.0
22,Brazil,38.0,7.22,14916.0,6.33,69.0,2.46,24.95,South America,101.0,88.0,84.0,40.0,132.0,54.0,7.0,9.0,5.0,2.0,5.0,9.0,4.0
23,Brunei,48.0,6.46,62371.0,,,,26.85,Asia,65.0,126.0,8.0,,,19.0,16.0,24.0,3.0,,,,6.0
24,Bulgaria,42.0,8.08,23817.0,5.27,47.0,1.54,10.55,Europe,85.0,46.0,60.0,98.0,24.0,135.0,33.0,30.0,33.0,38.0,30.0,17.0,11.0
25,Burkina Faso,42.0,6.85,2262.0,4.83,132.0,2.79,28.25,Africa,86.0,110.0,169.0,127.0,147.0,1.0,12.0,15.0,39.0,18.0,27.0,42.0,1.0
26,Burundi,19.0,5.02,760.0,3.77,154.0,2.47,19.8,Africa,174.0,170.0,185.0,157.0,133.0,103.0,48.0,48.0,53.0,41.0,45.0,36.0,47.0
27,CFA,24.0,5.62,979.0,3.48,162.0,3.02,24.9,Africa,159.0,158.0,182.0,163.0,157.0,56.0,39.0,40.0,50.0,45.0,50.0,47.0,24.0
28,Cambodia,23.0,6.47,4695.0,4.83,115.0,1.88,26.8,Asia,162.0,125.0,141.0,128.0,62.0,20.0,44.0,23.0,43.0,38.0,35.0,16.0,7.0
29,Cameroon,27.0,5.63,3646.0,5.14,148.0,2.71,24.6,Africa,148.0,156.0,148.0,102.0,144.0,63.0,34.0,39.0,24.0,7.0,40.0,40.0,26.0
30,Canada,74.0,8.85,48720.0,7.1,14.0,1.39,-5.35,North America,14.0,6.0,24.0,15.0,12.0,178.0,1.0,1.0,2.0,1.0,1.0,1.0,22.0
31,Chad,20.0,5.57,1611.0,4.36,160.0,2.59,26.55,Africa,169.0,161.0,175.0,143.0,138.0,25.0,45.0,43.0,43.0,29.0,49.0,38.0,16.0
32,Chile,67.0,8.44,23366.0,6.17,36.0,1.84,8.45,South America,27.0,30.0,61.0,52.0,54.0,150.0,2.0,1.0,1.0,4.0,1.0,2.0,12.0
33,China,45.0,5.57,17192.0,5.34,53.0,2.01,6.95,Asia,70.0,162.0,76.0,91.0,89.0,159.0,18.0,39.0,21.0,23.0,11.0,21.0,40.0
34,Colombia,39.0,7.01,14324.0,6.01,73.0,2.73,24.5,South America,92.0,99.0,87.0,61.0,145.0,67.0,3.0,10.0,7.0,5.0,6.0,10.0,5.0
35,Comoros,20.0,6.07,3048.0,4.29,125.0,,25.55,Africa,170.0,141.0,153.0,146.0,,40.0,46.0,32.0,28.0,31.0,21.0,,20.0
36,Costa Rica,58.0,8.25,19990.0,7.07,37.0,1.73,24.8,North America,42.0,38.0,67.0,17.0,39.0,60.0,8.0,4.0,7.0,2.0,3.0,2.0,14.0
37,Croatia,47.0,8.16,27717.0,5.88,42.0,1.44,10.9,Europe,67.0,43.0,54.0,70.0,14.0,133.0,29.0,28.0,32.0,31.0,27.0,10.0,9.0
38,Cuba,46.0,3.93,12300.0,,100.0,2.08,25.2,North America,68.0,182.0,99.0,,100.0,51.0,12.0,23.0,15.0,,12.0,7.0,9.0
39,Cyprus,53.0,8.42,40107.0,6.22,32.0,1.9,18.45,Europe,55.0,31.0,37.0,47.0,66.0,108.0,26.0,23.0,19.0,23.0,22.0,35.0,2.0
40,Czechia,54.0,8.61,40618.0,6.96,,1.32,7.55,Europe,52.0,25.0,34.0,20.0,7.0,155.0,24.0,18.0,18.0,13.0,,6.0,27.0
41,CÃ´te d'Ivoire,36.0,6.9,5365.0,5.31,121.0,2.14,26.35,Africa,109.0,105.0,132.0,96.0,107.0,27.0,18.0,13.0,17.0,6.0,19.0,23.0,17.0
42,DR Congo,19.0,5.62,1106.0,5.34,157.0,3.17,24.0,Africa,175.0,159.0,180.0,92.0,160.0,71.0,49.0,41.0,48.0,4.0,47.0,49.0,29.0
43,Denmark,88.0,8.98,58932.0,7.62,1.0,1.3,7.5,Europe,1.0,3.0,10.0,2.0,5.0,156.0,1.0,2.0,5.0,2.0,1.0,4.0,28.0
44,Djibouti,30.0,5.84,5096.0,4.69,116.0,2.21,28.0,Africa,134.0,148.0,138.0,133.0,114.0,3.0,27.0,35.0,19.0,22.0,15.0,28.0,3.0
45,Dominica,55.0,7.95,11072.0,,,,22.35,North America,49.0,51.0,108.0,,,85.0,10.0,7.0,16.0,,,,19.0
46,Dominican Rep.,30.0,7.88,18608.0,5.54,71.0,1.99,24.55,North America,135.0,56.0,73.0,83.0,81.0,64.0,18.0,10.0,10.0,14.0,8.0,4.0,15.0
47,Ecuador,36.0,7.43,11009.0,5.76,87.0,1.99,21.85,South America,110.0,81.0,109.0,76.0,82.0,90.0,8.0,7.0,10.0,8.0,9.0,6.0,7.0
48,Egypt,33.0,4.49,12790.0,4.28,118.0,2.34,22.1,Africa,122.0,174.0,97.0,147.0,126.0,88.0,22.0,50.0,6.0,32.0,16.0,34.0,38.0
49,El Salvador,34.0,7.39,8422.0,6.06,91.0,2.23,24.45,North America,119.0,83.0,118.0,58.0,115.0,68.0,16.0,18.0,18.0,10.0,9.0,9.0,16.0
50,Eq. Guinea,17.0,5.25,17788.0,,128.0,1.86,24.55,Africa,177.0,167.0,75.0,,60.0,65.0,50.0,46.0,3.0,,23.0,7.0,27.0
51,Eritrea,22.0,4.17,1821.0,,156.0,2.49,25.5,Africa,166.0,177.0,172.0,,134.0,41.0,42.0,52.0,41.0,,46.0,37.0,21.0
52,Estonia,74.0,8.91,38834.0,6.19,21.0,1.66,5.1,Europe,15.0,4.0,40.0,48.0,34.0,169.0,11.0,3.0,22.0,24.0,13.0,24.0,35.0
53,Eswatini,32.0,5.79,8957.0,4.31,131.0,2.03,21.4,Africa,126.0,150.0,116.0,145.0,92.0,96.0,24.0,37.0,11.0,30.0,26.0,19.0,43.0
54,Ethiopia,39.0,5.95,2908.0,4.28,147.0,2.81,22.2,Africa,93.0,143.0,155.0,148.0,151.0,87.0,13.0,33.0,29.0,33.0,39.0,43.0,37.0
55,Fiji,55.0,7.36,11567.0,6.25,,,24.4,Oceania,50.0,85.0,105.0,45.0,,70.0,3.0,5.0,3.0,4.0,,,3.0
56,Finland,88.0,8.85,49853.0,7.84,5.0,1.44,1.7,Europe,2.0,7.0,22.0,1.0,15.0,173.0,2.0,5.0,13.0,1.0,5.0,11.0,38.0
57,France,71.0,8.34,46062.0,6.69,22.0,1.9,10.7,Europe,22.0,36.0,26.0,24.0,67.0,134.0,15.0,25.0,14.0,15.0,14.0,36.0,10.0
58,Gabon,31.0,6.8,15970.0,4.85,119.0,1.97,25.05,Africa,128.0,114.0,80.0,125.0,74.0,52.0,25.0,18.0,5.0,17.0,17.0,12.0,23.0
59,Gambia,37.0,6.88,2276.0,5.05,113.0,1.79,27.5,Africa,106.0,107.0,168.0,111.0,45.0,8.0,17.0,14.0,38.0,11.0,13.0,3.0,7.0
60,Georgia,55.0,8.2,14918.0,4.89,52.0,2.06,5.8,Asia,51.0,42.0,83.0,122.0,96.0,165.0,11.0,6.0,23.0,36.0,10.0,26.0,42.0
61,Germany,80.0,8.73,54076.0,7.16,8.0,1.46,8.5,Europe,10.0,15.0,19.0,12.0,16.0,149.0,8.0,12.0,11.0,10.0,7.0,12.0,23.0
62,Ghana,43.0,7.49,5693.0,5.09,97.0,1.76,27.2,Africa,78.0,79.0,129.0,107.0,42.0,9.0,9.0,6.0,16.0,9.0,8.0,2.0,8.0
63,Greece,49.0,7.86,28748.0,5.72,40.0,1.84,15.4,Europe,62.0,59.0,52.0,79.0,55.0,117.0,28.0,33.0,30.0,34.0,26.0,32.0,3.0
64,Grenada,53.0,7.7,15431.0,,,,26.65,North America,56.0,65.0,81.0,,,24.0,11.0,13.0,11.0,,,,2.0
65,Guatemala,25.0,7.63,8293.0,6.43,99.0,2.14,23.45,North America,155.0,73.0,120.0,35.0,108.0,79.0,20.0,16.0,19.0,5.0,11.0,8.0,18.0
66,Guinea,25.0,5.82,2604.0,4.98,136.0,2.33,25.7,Africa,156.0,149.0,160.0,116.0,124.0,36.0,38.0,36.0,33.0,13.0,29.0,33.0,19.0
67,Guinea-Bissau,21.0,6.63,2348.0,,144.0,2.16,26.75,Africa,167.0,121.0,166.0,,111.0,23.0,43.0,22.0,36.0,,36.0,25.0,15.0
68,Guyana,39.0,7.49,19684.0,,89.0,2.14,26.0,South America,94.0,80.0,68.0,,109.0,32.0,4.0,6.0,4.0,,10.0,8.0,1.0
69,Haiti,20.0,7.21,2916.0,3.62,152.0,2.25,24.9,North America,171.0,90.0,154.0,159.0,116.0,57.0,22.0,19.0,23.0,15.0,15.0,10.0,11.0
70,Honduras,23.0,7.09,5450.0,5.92,104.0,2.27,23.5,North America,163.0,96.0,131.0,69.0,118.0,78.0,21.0,20.0,22.0,13.0,13.0,11.0,17.0
71,Hong Kong,76.0,8.41,59520.0,5.48,17.0,,,Asia,12.0,32.0,9.0,85.0,,,2.0,3.0,4.0,19.0,2.0,,
72,Hungary,43.0,7.73,33030.0,5.99,45.0,1.41,9.75,Europe,79.0,64.0,45.0,62.0,13.0,140.0,32.0,35.0,26.0,29.0,28.0,9.0,15.0
73,Iceland,74.0,8.77,55596.0,7.55,11.0,1.11,1.75,Europe,16.0,12.0,16.0,4.0,1.0,172.0,12.0,9.0,8.0,4.0,10.0,1.0,37.0
74,India,40.0,6.39,6461.0,3.82,98.0,2.58,23.65,Asia,90.0,129.0,125.0,155.0,136.0,76.0,23.0,25.0,38.0,44.0,29.0,36.0,20.0
75,Indonesia,38.0,7.1,12222.0,5.34,56.0,1.8,25.85,Asia,102.0,95.0,100.0,93.0,49.0,33.0,26.0,15.0,28.0,24.0,14.0,11.0,10.0
76,Iran,25.0,4.53,13073.0,4.72,117.0,2.69,17.25,Asia,157.0,173.0,93.0,131.0,143.0,114.0,41.0,44.0,27.0,39.0,36.0,40.0,27.0
77,Iraq,23.0,5.02,10003.0,4.85,134.0,3.16,21.4,Asia,164.0,171.0,113.0,126.0,159.0,97.0,45.0,43.0,34.0,37.0,39.0,44.0,22.0
78,Ireland,74.0,8.9,94392.0,7.08,12.0,1.29,9.3,Europe,17.0,5.0,3.0,16.0,3.0,143.0,13.0,4.0,2.0,11.0,11.0,2.0,18.0
79,Israel,59.0,7.66,40547.0,7.16,29.0,2.58,19.2,Asia,38.0,69.0,35.0,13.0,137.0,105.0,9.0,9.0,13.0,1.0,6.0,37.0,24.0
80,Italy,56.0,8.49,40861.0,6.48,30.0,1.64,13.45,Europe,44.0,27.0,33.0,32.0,31.0,121.0,21.0,20.0,17.0,18.0,20.0,21.0,5.0
81,Jamaica,44.0,7.91,9975.0,6.31,64.0,1.99,24.95,North America,75.0,54.0,114.0,43.0,83.0,55.0,13.0,9.0,17.0,7.0,6.0,5.0,10.0
82,Japan,73.0,8.73,42248.0,5.94,19.0,1.34,11.15,Asia,20.0,16.0,30.0,66.0,10.0,131.0,3.0,1.0,11.0,14.0,3.0,2.0,35.0
83,Jordan,49.0,6.91,10306.0,4.39,84.0,1.85,18.3,Asia,63.0,104.0,111.0,142.0,59.0,109.0,15.0,16.0,33.0,42.0,25.0,14.0,25.0
84,Kazakhstan,37.0,6.77,26565.0,6.15,61.0,2.07,6.4,Asia,107.0,116.0,57.0,54.0,98.0,161.0,28.0,20.0,18.0,11.0,16.0,28.0,41.0
85,Kenya,30.0,6.73,4926.0,4.61,110.0,2.3,24.75,Africa,136.0,119.0,140.0,137.0,121.0,61.0,28.0,20.0,20.0,26.0,12.0,30.0,25.0
86,Kuwait,43.0,6.34,41627.0,6.11,57.0,1.74,25.35,Asia,80.0,131.0,32.0,56.0,40.0,45.0,20.0,26.0,12.0,12.0,15.0,7.0,14.0
87,Kyrgyzstan,27.0,7.18,5036.0,5.74,88.0,2.03,1.55,Asia,149.0,91.0,139.0,77.0,93.0,174.0,39.0,12.0,42.0,17.0,26.0,24.0,45.0
88,Laos,30.0,5.85,8111.0,5.03,112.0,1.81,22.8,Asia,137.0,147.0,121.0,114.0,52.0,80.0,35.0,33.0,36.0,33.0,34.0,12.0,21.0
89,Latvia,59.0,8.67,31509.0,6.03,31.0,1.67,5.6,Europe,39.0,23.0,48.0,60.0,35.0,167.0,19.0,16.0,28.0,28.0,21.0,25.0,33.0
90,Lebanon,24.0,6.76,11564.0,4.58,102.0,2.62,16.4,Asia,160.0,117.0,106.0,139.0,140.0,116.0,43.0,21.0,31.0,40.0,30.0,38.0,28.0
91,Lesotho,38.0,7.01,2718.0,3.51,127.0,2.09,11.85,Africa,103.0,100.0,158.0,162.0,101.0,127.0,16.0,11.0,31.0,44.0,22.0,20.0,52.0
92,Liberia,29.0,6.81,1557.0,4.62,138.0,1.97,25.3,Africa,141.0,113.0,177.0,136.0,75.0,48.0,31.0,17.0,45.0,25.0,31.0,13.0,22.0
93,Libya,17.0,5.05,5893.0,5.41,146.0,2.93,21.8,Africa,178.0,169.0,127.0,88.0,153.0,91.0,51.0,47.0,14.0,3.0,38.0,45.0,40.0
94,Lithuania,61.0,8.68,38824.0,6.25,33.0,1.72,6.2,Europe,35.0,20.0,41.0,46.0,38.0,163.0,17.0,14.0,23.0,22.0,23.0,28.0,31.0
95,Luxembourg,81.0,8.8,118001.0,7.32,9.0,,8.65,Europe,9.0,10.0,1.0,8.0,,147.0,7.0,7.0,1.0,8.0,8.0,,22.0
96,Macau,45.0,5.57,56078.0,5.34,,2.01,,Asia,71.0,163.0,14.0,94.0,90.0,,19.0,40.0,6.0,25.0,,22.0,
97,Madagascar,26.0,7.02,1599.0,4.21,133.0,2.0,22.65,Africa,152.0,98.0,176.0,150.0,84.0,82.0,36.0,10.0,44.0,35.0,28.0,16.0,33.0
98,Malawi,35.0,6.99,993.0,3.6,129.0,1.9,21.9,Africa,116.0,101.0,181.0,161.0,68.0,89.0,19.0,12.0,49.0,43.0,24.0,8.0,39.0
99,Malaysia,48.0,7.17,27402.0,5.38,39.0,1.47,25.4,Asia,66.0,92.0,55.0,90.0,17.0,43.0,17.0,13.0,17.0,22.0,7.0,3.0,13.0
100,Maldives,40.0,6.1,19609.0,5.2,,,27.65,Asia,91.0,139.0,69.0,100.0,,5.0,24.0,29.0,19.0,28.0,,,1.0
101,Mali,29.0,6.25,2401.0,4.72,145.0,2.91,28.25,Africa,142.0,134.0,164.0,132.0,152.0,2.0,32.0,30.0,35.0,21.0,37.0,44.0,2.0
102,Malta,54.0,8.45,42856.0,6.6,25.0,,19.2,Europe,53.0,29.0,29.0,26.0,,106.0,25.0,22.0,16.0,16.0,17.0,,1.0
103,Mauritania,28.0,5.73,5834.0,4.23,151.0,2.19,27.65,Africa,144.0,155.0,128.0,149.0,113.0,6.0,33.0,38.0,15.0,34.0,43.0,27.0,5.0
104,Mauritius,54.0,8.07,20292.0,6.05,43.0,1.57,22.4,Africa,54.0,47.0,65.0,59.0,28.0,84.0,3.0,1.0,2.0,2.0,1.0,1.0,35.0
105,Mexico,31.0,6.92,19130.0,6.32,67.0,2.61,21.0,North America,129.0,103.0,71.0,42.0,139.0,99.0,17.0,21.0,8.0,6.0,7.0,15.0,20.0
106,Moldova,36.0,7.68,12811.0,5.77,78.0,1.88,9.45,Europe,111.0,68.0,96.0,75.0,63.0,142.0,37.0,36.0,41.0,33.0,38.0,34.0,17.0
107,Mongolia,35.0,8.0,11825.0,5.68,83.0,1.77,-0.7,Asia,117.0,48.0,104.0,80.0,43.0,176.0,30.0,7.0,30.0,18.0,24.0,8.0,46.0
108,Montenegro,46.0,7.88,20567.0,5.58,49.0,1.8,10.55,Europe,69.0,57.0,64.0,82.0,50.0,136.0,30.0,32.0,34.0,35.0,31.0,30.0,12.0
109,Morocco,39.0,5.9,7620.0,4.92,94.0,1.97,17.1,Africa,95.0,145.0,122.0,120.0,76.0,115.0,14.0,34.0,12.0,15.0,6.0,14.0,51.0
110,Mozambique,26.0,6.8,1277.0,4.79,139.0,2.32,23.8,Africa,153.0,115.0,178.0,129.0,123.0,74.0,37.0,19.0,46.0,19.0,32.0,32.0,30.0
111,Myanmar,28.0,5.78,5242.0,4.43,124.0,2.63,13.05,Asia,145.0,152.0,134.0,141.0,141.0,123.0,36.0,35.0,40.0,41.0,38.0,39.0,30.0
112,Namibia,49.0,7.56,9396.0,4.57,86.0,1.91,19.95,Africa,64.0,75.0,115.0,140.0,70.0,102.0,5.0,5.0,10.0,28.0,5.0,9.0,46.0
113,Nepal,33.0,7.12,4061.0,5.27,111.0,1.95,8.1,Asia,123.0,94.0,145.0,99.0,72.0,153.0,32.0,14.0,44.0,27.0,33.0,18.0,37.0
114,Netherlands,82.0,8.78,57534.0,7.46,6.0,1.52,9.25,Europe,8.0,11.0,13.0,5.0,21.0,144.0,6.0,8.0,7.0,5.0,6.0,15.0,19.0
115,New Zealand,88.0,9.01,42018.0,7.28,7.0,1.27,10.55,Oceania,3.0,2.0,31.0,9.0,2.0,137.0,1.0,1.0,2.0,1.0,1.0,1.0,6.0
116,Nicaragua,20.0,6.24,5575.0,5.97,108.0,2.33,24.9,North America,172.0,135.0,130.0,64.0,125.0,58.0,23.0,22.0,21.0,11.0,14.0,12.0,12.0
117,Niger,31.0,6.41,1259.0,5.07,150.0,2.65,27.15,Africa,130.0,128.0,179.0,108.0,142.0,11.0,26.0,26.0,47.0,10.0,42.0,39.0,9.0
118,Nigeria,24.0,6.28,5187.0,4.76,141.0,2.73,26.8,Africa,161.0,133.0,135.0,130.0,146.0,21.0,40.0,29.0,18.0,20.0,34.0,41.0,14.0
119,North Korea,16.0,4.0,1700.0,,,2.94,5.7,Asia,180.0,181.0,174.0,,154.0,166.0,48.0,48.0,50.0,,,43.0,43.0
120,North Macedonia,39.0,7.75,16712.0,5.1,58.0,1.7,,Europe,96.0,63.0,78.0,106.0,37.0,,35.0,34.0,37.0,40.0,33.0,27.0,
121,Norway,85.0,8.76,65800.0,7.39,2.0,1.47,1.5,Europe,4.0,13.0,6.0,6.0,18.0,175.0,3.0,10.0,4.0,6.0,2.0,13.0,39.0
122,Oman,52.0,5.92,30178.0,6.58,65.0,1.89,25.6,Asia,59.0,144.0,51.0,27.0,65.0,39.0,13.0,31.0,16.0,4.0,18.0,17.0,12.0
123,Pakistan,28.0,5.63,5150.0,4.93,135.0,2.79,20.2,Asia,146.0,157.0,137.0,119.0,148.0,101.0,37.0,38.0,41.0,35.0,40.0,41.0,23.0
124,Palestine,59.0,7.66,40547.0,7.16,,2.55,,Asia,40.0,70.0,36.0,14.0,135.0,,10.0,10.0,14.0,2.0,,35.0,
125,Panama,36.0,8.12,27003.0,6.18,48.0,1.88,25.4,North America,112.0,45.0,56.0,50.0,64.0,44.0,15.0,6.0,5.0,9.0,4.0,3.0,7.0
126,Papua New Guinea,31.0,7.17,3833.0,5.13,126.0,2.05,25.25,Oceania,131.0,93.0,146.0,103.0,95.0,49.0,6.0,6.0,4.0,5.0,3.0,3.0,2.0
127,Paraguay,30.0,7.54,12881.0,5.65,77.0,1.98,23.55,South America,138.0,76.0,95.0,81.0,78.0,77.0,11.0,5.0,8.0,10.0,7.0,4.0,6.0
128,Peru,36.0,7.93,11871.0,5.84,60.0,2.09,19.6,South America,113.0,52.0,103.0,72.0,102.0,104.0,9.0,3.0,9.0,7.0,3.0,7.0,9.0
129,Philippines,33.0,6.83,8452.0,5.88,81.0,2.34,25.85,Asia,124.0,111.0,117.0,71.0,127.0,34.0,33.0,19.0,35.0,15.0,22.0,33.0,11.0
130,Poland,56.0,7.96,34103.0,6.17,35.0,1.55,7.85,Europe,45.0,50.0,42.0,53.0,25.0,154.0,22.0,31.0,24.0,25.0,25.0,18.0,26.0
131,Portugal,62.0,8.69,34043.0,5.93,27.0,1.3,15.15,Europe,33.0,19.0,43.0,68.0,6.0,118.0,16.0,13.0,25.0,30.0,19.0,5.0,4.0
132,Puerto Rico,67.0,8.73,34025.0,6.95,,2.44,,North America,28.0,17.0,44.0,21.0,130.0,,2.0,2.0,3.0,3.0,,13.0,
133,Qatar,63.0,6.15,93508.0,6.37,44.0,1.53,27.15,Asia,32.0,138.0,4.0,39.0,23.0,12.0,7.0,28.0,2.0,9.0,9.0,5.0,3.0
134,Rep. of the Congo,21.0,5.55,4188.0,5.34,149.0,2.18,24.55,Africa,168.0,164.0,143.0,95.0,112.0,66.0,44.0,44.0,22.0,5.0,41.0,26.0,28.0
135,Romania,45.0,8.33,30526.0,6.14,46.0,1.64,8.8,Europe,72.0,37.0,49.0,55.0,32.0,146.0,31.0,26.0,29.0,26.0,29.0,22.0,21.0
136,Russia,29.0,6.23,27903.0,5.48,74.0,3.27,-5.1,Europe,143.0,136.0,53.0,86.0,162.0,177.0,41.0,41.0,31.0,37.0,36.0,39.0,40.0
137,Rwanda,53.0,6.36,2337.0,3.42,101.0,1.95,17.85,Africa,57.0,130.0,167.0,166.0,73.0,110.0,4.0,27.0,37.0,47.0,9.0,11.0,49.0
138,Saint Lucia,56.0,7.87,12944.0,,,,25.5,North America,46.0,58.0,94.0,,,42.0,9.0,11.0,13.0,,,,6.0
139,Saint Vincent and the Grenadines,59.0,7.82,12770.0,,,,26.8,North America,41.0,61.0,98.0,,,22.0,7.0,12.0,14.0,,,,1.0
140,San Marino,56.0,8.49,58427.0,6.48,,1.64,11.85,Europe,47.0,28.0,12.0,33.0,33.0,128.0,23.0,21.0,6.0,19.0,,23.0,7.0
141,Sao Tome and Principe,45.0,7.78,4274.0,,,,23.75,Africa,73.0,62.0,142.0,,,75.0,6.0,4.0,21.0,,,,31.0
142,Saudi Arabia,53.0,5.12,46811.0,6.49,70.0,2.29,24.65,Asia,58.0,168.0,25.0,30.0,120.0,62.0,12.0,42.0,9.0,7.0,19.0,32.0,17.0
143,Senegal,43.0,7.07,3478.0,5.13,107.0,1.92,27.85,Africa,81.0,97.0,149.0,104.0,71.0,4.0,10.0,9.0,25.0,8.0,11.0,10.0,4.0
144,Serbia,38.0,7.54,19146.0,6.08,51.0,1.83,10.55,Europe,104.0,77.0,70.0,57.0,53.0,138.0,36.0,37.0,36.0,27.0,32.0,31.0,13.0
145,Seychelles,70.0,7.84,25414.0,6.43,50.0,,27.15,Africa,23.0,60.0,58.0,36.0,,13.0,1.0,3.0,1.0,1.0,2.0,,10.0
146,Sierra Leone,34.0,6.7,1725.0,3.85,142.0,1.8,26.05,Africa,120.0,120.0,173.0,154.0,51.0,29.0,20.0,21.0,42.0,39.0,35.0,5.0,18.0
147,Singapore,85.0,7.98,97057.0,6.38,15.0,1.33,26.45,Asia,5.0,49.0,2.0,38.0,9.0,26.0,1.0,8.0,1.0,8.0,1.0,1.0,8.0
148,Slovakia,52.0,8.21,32709.0,6.33,34.0,1.5,6.8,Europe,60.0,40.0,46.0,41.0,20.0,160.0,27.0,27.0,27.0,21.0,24.0,14.0,29.0
149,Slovenia,57.0,8.37,40067.0,6.46,26.0,1.32,8.9,Europe,43.0,34.0,38.0,34.0,8.0,145.0,20.0,24.0,20.0,20.0,18.0,7.0,20.0
150,Solomon Islands,43.0,7.53,2455.0,5.02,,,25.65,Oceania,82.0,78.0,163.0,115.0,,38.0,5.0,4.0,6.0,6.0,,,1.0
151,Somalia,13.0,4.93,925.0,4.67,159.0,3.12,27.05,Africa,183.0,172.0,183.0,134.0,158.0,15.0,52.0,49.0,51.0,23.0,48.0,48.0,12.0
152,South Africa,44.0,7.3,12032.0,4.96,85.0,2.28,17.75,Africa,76.0,87.0,102.0,117.0,119.0,111.0,7.0,8.0,7.0,14.0,4.0,29.0,50.0
153,South Korea,62.0,8.39,44621.0,5.84,28.0,1.78,11.5,Asia,34.0,33.0,27.0,73.0,44.0,129.0,8.0,4.0,10.0,16.0,5.0,9.0,34.0
154,South Sudan,11.0,3.8,791.0,2.82,163.0,3.18,,Africa,185.0,184.0,184.0,168.0,161.0,,53.0,53.0,52.0,49.0,51.0,50.0,
155,Spain,61.0,8.56,39121.0,6.49,24.0,1.6,13.3,Europe,36.0,26.0,39.0,31.0,29.0,122.0,18.0,19.0,21.0,17.0,16.0,20.0,6.0
156,Sri Lanka,37.0,6.58,13214.0,4.33,82.0,2.02,26.95,Asia,108.0,122.0,91.0,144.0,91.0,17.0,29.0,22.0,26.0,43.0,23.0,23.0,5.0
157,Sudan,20.0,4.48,4098.0,4.14,,3.01,26.9,Africa,173.0,175.0,144.0,151.0,156.0,18.0,47.0,51.0,23.0,36.0,,46.0,13.0
158,Suriname,39.0,7.64,14513.0,6.27,79.0,,25.7,South America,97.0,72.0,85.0,44.0,,37.0,5.0,4.0,6.0,3.0,8.0,,2.0
159,Sweden,85.0,8.83,54146.0,7.36,4.0,1.56,2.1,Europe,6.0,9.0,18.0,7.0,27.0,170.0,4.0,6.0,10.0,7.0,4.0,19.0,36.0
160,Switzerland,84.0,9.11,72874.0,7.57,3.0,1.36,5.5,Europe,7.0,1.0,5.0,3.0,11.0,168.0,5.0,1.0,3.0,3.0,3.0,8.0,34.0
161,Syria,13.0,3.66,2900.0,3.46,155.0,3.36,17.75,Asia,184.0,185.0,156.0,165.0,163.0,112.0,50.0,50.0,47.0,46.0,41.0,45.0,26.0
162,Taiwan,68.0,8.68,55724.0,6.58,20.0,1.62,,Asia,26.0,21.0,15.0,28.0,30.0,,6.0,2.0,7.0,5.0,4.0,6.0,
163,Tajikistan,25.0,5.52,3676.0,5.47,109.0,2.03,2.0,Asia,158.0,165.0,147.0,87.0,94.0,171.0,42.0,41.0,45.0,20.0,32.0,25.0,44.0
164,Tanzania,39.0,6.48,2821.0,3.62,114.0,2.0,22.35,Africa,98.0,124.0,157.0,160.0,85.0,86.0,15.0,24.0,30.0,42.0,14.0,17.0,36.0
165,Thailand,35.0,6.89,18236.0,5.99,63.0,2.1,26.3,Asia,118.0,106.0,74.0,63.0,104.0,28.0,31.0,17.0,20.0,13.0,17.0,30.0,9.0
166,Timor-Leste,41.0,7.22,3382.0,,,1.84,25.25,Asia,88.0,89.0,151.0,,56.0,50.0,22.0,11.0,46.0,,,13.0,15.0
167,Togo,30.0,6.5,2199.0,4.11,137.0,2.09,27.15,Africa,139.0,123.0,170.0,152.0,103.0,14.0,29.0,23.0,40.0,37.0,30.0,21.0,11.0
168,Trinidad and Tobago,41.0,7.7,25031.0,6.19,59.0,2.0,25.75,North America,89.0,66.0,59.0,49.0,86.0,35.0,14.0,14.0,6.0,8.0,5.0,6.0,5.0
169,Tunisia,44.0,6.46,10120.0,4.6,96.0,2.0,19.2,Africa,77.0,127.0,112.0,138.0,87.0,107.0,8.0,25.0,9.0,27.0,7.0,18.0,48.0
170,Turkey,38.0,5.79,30253.0,4.95,92.0,2.79,11.1,Asia,105.0,151.0,50.0,118.0,149.0,132.0,27.0,34.0,15.0,34.0,27.0,42.0,36.0
171,Turkmenistan,19.0,3.9,16520.0,5.07,106.0,2.12,15.1,Asia,176.0,183.0,79.0,109.0,106.0,119.0,46.0,49.0,22.0,30.0,31.0,31.0,29.0
172,U.A.E,69.0,6.06,58753.0,6.56,41.0,1.86,27.0,Asia,24.0,142.0,11.0,29.0,61.0,16.0,4.0,30.0,5.0,6.0,8.0,15.0,4.0
173,U.S.A,67.0,8.73,63416.0,6.95,18.0,2.44,8.55,North America,29.0,18.0,7.0,22.0,131.0,148.0,3.0,3.0,1.0,4.0,2.0,14.0,21.0
174,Uganda,27.0,6.32,2574.0,4.64,130.0,2.31,22.8,Africa,150.0,132.0,162.0,135.0,122.0,81.0,35.0,28.0,34.0,24.0,25.0,31.0,32.0
175,Ukraine,32.0,6.86,13110.0,4.88,90.0,2.97,8.3,Europe,127.0,109.0,92.0,124.0,155.0,152.0,40.0,39.0,40.0,41.0,39.0,38.0,25.0
176,United Kingdom,78.0,8.75,44117.0,7.06,13.0,1.67,8.45,Europe,11.0,14.0,28.0,19.0,36.0,151.0,9.0,11.0,15.0,12.0,12.0,26.0,24.0
177,Uruguay,73.0,8.36,22459.0,6.43,38.0,1.79,17.55,South America,21.0,35.0,62.0,37.0,46.0,113.0,1.0,2.0,2.0,1.0,2.0,1.0,10.0
178,Uzbekistan,28.0,4.23,7449.0,6.18,95.0,2.0,12.05,Asia,147.0,176.0,123.0,51.0,88.0,125.0,38.0,45.0,37.0,10.0,28.0,20.0,32.0
179,Vanuatu,45.0,7.69,2586.0,7.07,,,23.95,Oceania,74.0,67.0,161.0,18.0,,72.0,4.0,3.0,5.0,3.0,,,4.0
180,Venezuela,14.0,4.03,5178.0,4.89,143.0,2.8,25.35,South America,182.0,180.0,136.0,123.0,150.0,46.0,12.0,12.0,12.0,11.0,12.0,11.0,3.0
181,Vietnam,39.0,5.9,10869.0,5.41,72.0,1.79,24.45,Asia,99.0,146.0,110.0,89.0,47.0,69.0,25.0,32.0,32.0,21.0,20.0,10.0,18.0
182,Yemen,16.0,4.08,1927.0,3.66,161.0,3.39,23.85,Asia,181.0,179.0,171.0,158.0,164.0,73.0,49.0,47.0,49.0,45.0,43.0,46.0,19.0
183,Zambia,33.0,6.82,3342.0,4.07,120.0,1.84,21.4,Africa,125.0,112.0,152.0,153.0,57.0,98.0,23.0,16.0,27.0,38.0,18.0,6.0,44.0
184,Zimbabwe,23.0,5.6,2622.0,3.15,140.0,2.35,21.0,Africa,165.0,160.0,159.0,167.0,128.0,100.0,41.0,42.0,32.0,48.0,33.0,35.0,45.0
